{
  "first_step": {
    "gamma_age": 0.12351908488837353,
    "gamma_female": 0.20999215892824577,
    "gamma_f_col": 0.3807909871648547,
    "lambda": 0.19270479918295794,
    "beta": 39.99999322866316,
    "delta": 0.8058924771047107,
    "lambda_1": -0.0014027237123314107,
    "lambda_2": 0.19410752289528932,
    "objective": 4.267205640796806e-05,
    "success": true,
    "message": "CONVERGENCE: NORM OF PROJECTED GRADIENT <= PGTOL",
    "iterations": 8
  },
  "second_step": {
    "gamma_age": 0.12049487809526462,
    "gamma_female": 0.20540766056624782,
    "gamma_f_col": 0.37399252319297027,
    "lambda": 0.25794213609427846,
    "beta": 1.7305041183598038,
    "delta": 0.8298296591924579,
    "lambda_1": 0.08777179528673629,
    "lambda_2": 0.17017034080754212,
    "objective": 0.0039636479805379285,
    "success": true,
    "message": "CONVERGENCE: NORM OF PROJECTED GRADIENT <= PGTOL",
    "iterations": 24
  },
  "cluster_robust_se": {
    "n_clusters": 6,
    "reported_se": {
      "gamma_age": 0.008413265334767873,
      "gamma_female": 0.02553804937026361,
      "gamma_f_col": 0.026842957790103494,
      "lambda": 0.07710466130621088,
      "beta": 9.553754221478842,
      "delta": 0.07640011861074487,
      "lambda_1": 0.10561287465576642,
      "lambda_2": 0.07640011861074487
    }
  },
  "n_observations": 360,
  "n_clusters": 6,
  "instrument_strength": {
    "F_beta_instruments": 0.36211224487538973,
    "first_stage_R2": 0.5791244084523479,
    "yhat_first_stage_R2": 0.5840486183929432
  },
  "anderson_rubin_beta": {
    "betas": [
      1.5,
      3.0,
      4.5,
      6.0,
      7.5,
      9.0,
      10.5,
      12.0,
      13.5,
      15.0,
      16.5,
      18.0,
      19.5,
      21.0,
      22.5,
      24.0,
      25.5,
      27.0,
      28.5,
      30.0,
      31.5,
      33.0,
      34.5,
      36.0,
      37.5,
      39.0,
      40.5,
      42.0,
      43.5,
      45.0
    ],
    "J": [
      1.4280329561267295,
      1.4448740928511334,
      1.503208543332449,
      1.5768330366399628,
      1.6455113489112945,
      1.6981293650877693,
      1.7311702567842608,
      1.7457045523803467,
      1.7448571245101852,
      1.7322570968777835,
      1.711279518731109,
      1.684760424631597,
      1.65494814088564,
      1.6235547052104036,
      1.591840006286148,
      1.5606989222012815,
      1.5307399927311844,
      1.5023522400572036,
      1.4757600378556324,
      1.451067133497804,
      1.4282912899670979,
      1.4073910491146764,
      1.388286025394701,
      1.3708719936794247,
      1.3550318677572672,
      1.3406434949735115,
      1.3275850282574655,
      1.3157384875868323,
      1.3049919927989773,
      1.29524104010047
    ],
    "critical_value": 7.814727903251179,
    "ci_low": 1.5,
    "ci_high": 45.0,
    "note": "Approximate AR-style set (J = n_obs * concentrated GMM objective)."
  },
  "lim_comparison": {
    "beta": 1.0,
    "lambda": 0.25672537773892845,
    "delta": 0.8297865372406019,
    "objective": 0.0039886226999789436,
    "note": "Restricted beta=1 (LIM); compare objective vs free-beta fit."
  }
}