,true,naive (class),correct
gamma_age,0.1,0.08875635957679981,0.08921914535354096
gamma_female,0.24,0.2138875942614567,0.215258440011799
gamma_f_col,0.4,0.374036906824109,0.37515296804993514
phi_age,0.0,,0.0009798945088179004
phi_female,0.15,,0.14979196734752934
phi_f_col,0.3,,0.30293280746761053
lambda,0.3,0.9242194076589471,0.298432946602942
beta,5.0,1.9731155042101283,4.983579517744634
