{
  "first_step": {
    "gamma_age": 0.09772813778130468,
    "gamma_female": 0.238761095058933,
    "gamma_f_col": 0.396121966107127,
    "lambda": 0.24254514068233204,
    "beta": 14.998826566555898,
    "delta": 0.8609766770654781,
    "lambda_1": 0.10352181774781011,
    "lambda_2": 0.1390233229345219,
    "objective": 4.261868630083135e-06,
    "success": true,
    "message": "CONVERGENCE: NORM OF PROJECTED GRADIENT <= PGTOL",
    "iterations": 10
  },
  "second_step": {
    "gamma_age": 0.09850343654283637,
    "gamma_female": 0.24009557225967804,
    "gamma_f_col": 0.3983991755265229,
    "lambda": 0.25170428816954954,
    "beta": 9.359368436992057,
    "delta": 0.8486271176033366,
    "lambda_1": 0.10033140577288613,
    "lambda_2": 0.15137288239666336,
    "objective": 0.00018539475556954708,
    "success": true,
    "message": "CONVERGENCE: NORM OF PROJECTED GRADIENT <= PGTOL",
    "iterations": 20
  },
  "cluster_robust_se": {
    "n_clusters": 150,
    "reported_se": {
      "gamma_age": 0.0013798907813573837,
      "gamma_female": 0.003194710482868341,
      "gamma_f_col": 0.004466082147786535,
      "lambda": 0.007589020911306378,
      "beta": 1.1070132758911062,
      "delta": 0.009135103271133352,
      "lambda_1": 0.011592236642187385,
      "lambda_2": 0.009135103271133352
    }
  },
  "n_observations": 30000,
  "n_clusters": 150,
  "instrument_strength": {
    "F_beta_instruments": 38.50280528231546,
    "first_stage_R2": 0.4928771881788754,
    "yhat_first_stage_R2": 0.5753209591637639
  },
  "anderson_rubin_beta": {
    "betas": [
      1.5,
      3.0,
      4.5,
      6.0,
      7.5,
      9.0,
      10.5,
      12.0,
      13.5,
      15.0,
      16.5,
      18.0,
      19.5,
      21.0,
      22.5,
      24.0,
      25.5,
      27.0,
      28.5,
      30.0,
      31.5,
      33.0,
      34.5,
      36.0,
      37.5,
      39.0,
      40.5,
      42.0,
      43.5,
      45.0
    ],
    "J": [
      184.99075005921594,
      108.6938889918353,
      55.33669642185286,
      24.356199921725153,
      9.968294076003788,
      5.685343795855815,
      6.477963773145318,
      9.161256626505859,
      12.02448937146035,
      14.31684854919965,
      15.8274790070227,
      16.606419759362534,
      16.80260025361367,
      16.580831138997222,
      16.0856722164324,
      15.430243103126704,
      14.69675920993248,
      13.941580602868886,
      13.201220267591435,
      12.497787874662459,
      11.84337543207367,
      11.24336315617448,
      10.698804386435095,
      10.208090986683516,
      9.768085137362567,
      9.374868917026971,
      9.024227018080035,
      8.711946938218896,
      8.433996630545082,
      8.186621415417575
    ],
    "critical_value": 7.814727903251179,
    "ci_low": 9.0,
    "ci_high": 10.5,
    "note": "Approximate AR-style set (J = n_obs * concentrated GMM objective)."
  },
  "lim_comparison": {
    "beta": 1.0,
    "lambda": 0.22948293514318935,
    "delta": 0.8474109298104323,
    "objective": 0.007140822980009167,
    "note": "Restricted beta=1 (LIM); compare objective vs free-beta fit."
  }
}