{
  "correct": {
    "gamma_age": 0.08921914535354096,
    "gamma_female": 0.215258440011799,
    "gamma_f_col": 0.37515296804993514,
    "phi_age": 0.0009798945088179004,
    "phi_female": 0.14979196734752934,
    "phi_f_col": 0.30293280746761053,
    "lambda": 0.298432946602942,
    "beta": 4.983579517744634,
    "objective": 0.00010073649328796685
  },
  "correct_se": {
    "gamma_age": 0.0013191582372366686,
    "gamma_female": 0.0033882659399493975,
    "gamma_f_col": 0.003432177057197855,
    "phi_age": 0.0016505230914181475,
    "phi_female": 0.003945767800387187,
    "phi_f_col": 0.004510444513035893,
    "lambda": 0.005364715744896474,
    "beta": 0.24817309002788418
  },
  "naive": {
    "gamma_age": 0.08875635957679981,
    "gamma_female": 0.2138875942614567,
    "gamma_f_col": 0.374036906824109,
    "phi_age": NaN,
    "phi_female": NaN,
    "phi_f_col": NaN,
    "lambda": 0.9242194076589471,
    "beta": 1.9731155042101283,
    "objective": 9.555490702461048e-05
  },
  "naive_se": {
    "gamma_age": 0.0016199577032371898,
    "gamma_female": 0.004073275575620014,
    "gamma_f_col": 0.0039751089744490195,
    "lambda": 0.0134176772438922,
    "beta": 0.16928049655197783
  }
}