,true,naive (class),pp (correct)
gamma_age,0.1,0.0887563595767632,0.08921914535353896
gamma_female,0.24,0.21388759426158843,0.2152584400118013
gamma_f_col,0.4,0.3740369068241096,0.3751529680499309
phi_age,0.0,,0.0009798945088206313
phi_female,0.15,,0.1497919673475378
phi_f_col,0.3,,0.3029328074676196
lambda,0.3,0.9242194076589783,0.2984329466029233
beta,5.0,1.9731155042105257,4.983579517751988
