{
  "pp": {
    "gamma_age": 0.08921914535353896,
    "gamma_female": 0.2152584400118013,
    "gamma_f_col": 0.3751529680499309,
    "phi_age": 0.0009798945088206313,
    "phi_female": 0.1497919673475378,
    "phi_f_col": 0.3029328074676196,
    "lambda": 0.2984329466029233,
    "beta": 4.983579517751988,
    "objective": 0.00010073649328774032
  },
  "pp_se": {
    "gamma_age": 0.001319158237276511,
    "gamma_female": 0.003388265939678154,
    "gamma_f_col": 0.0034321770569537007,
    "phi_age": 0.0016505230822281402,
    "phi_female": 0.0039457677996505595,
    "phi_f_col": 0.004510444510640594,
    "lambda": 0.005364715737187086,
    "beta": 0.24817309012387728
  },
  "naive": {
    "gamma_age": 0.0887563595767632,
    "gamma_female": 0.21388759426158843,
    "gamma_f_col": 0.3740369068241096,
    "phi_age": NaN,
    "phi_female": NaN,
    "phi_f_col": NaN,
    "lambda": 0.9242194076589783,
    "beta": 1.9731155042105257,
    "objective": 9.555490701799133e-05
  },
  "naive_se": {
    "gamma_age": 0.001619957703340234,
    "gamma_female": 0.00407327557602166,
    "gamma_f_col": 0.003975108974574862,
    "lambda": 0.013417677243457172,
    "beta": 0.16928049676534623
  }
}