{
  "diagnostics": {
    "mean_clustering": 0.4771849058132313,
    "friend_homophily_fcol_corr": 0.9127235385520293,
    "isolated_rate_fcol0": 0.3126448195961602,
    "isolated_rate_fcol1": 0.06518335393489905,
    "overall_isolated_rate": 0.21340999966954166
  },
  "correct": {
    "gamma_age": 0.08461600702749435,
    "gamma_female": 0.20372499656348925,
    "gamma_f_col": 0.3722202144622909,
    "phi_age": 0.002276628349470633,
    "phi_female": 0.1567827533047471,
    "phi_f_col": 0.2848453511759807,
    "lambda": 0.3127923390966651,
    "beta": 4.607507831927269,
    "objective": 0.0013147485949489208
  },
  "naive": {
    "gamma_age": 0.07513054229069582,
    "gamma_female": 0.20895305563515923,
    "gamma_f_col": 0.38309974791870804,
    "phi_age": NaN,
    "phi_female": NaN,
    "phi_f_col": NaN,
    "lambda": 0.6109650039765037,
    "beta": 2.363374073838686,
    "objective": 0.004906006179002676
  },
  "overid_j": {
    "J": 28.598777061251685,
    "df": 3,
    "p_value": 2.719114162420238e-06,
    "beta_used": 4.607507831927269,
    "reject_5pct": true
  }
}