{
  "diagnostics": {
    "mean_clustering": 0.4771849058132313,
    "friend_homophily_fcol_corr": 0.9127235385520293,
    "isolated_rate_fcol0": 0.3126448195961602,
    "isolated_rate_fcol1": 0.06518335393489905,
    "overall_isolated_rate": 0.21340999966954166
  },
  "correct": {
    "gamma_age": 0.08461600702749499,
    "gamma_female": 0.20372499656348797,
    "gamma_f_col": 0.3722202144623022,
    "phi_age": 0.002276628349112572,
    "phi_female": 0.15678275330322827,
    "phi_f_col": 0.2848453511731877,
    "lambda": 0.312792339099725,
    "beta": 4.607507831890154,
    "objective": 0.0013147485949489128
  },
  "naive": {
    "gamma_age": 0.07513054229057503,
    "gamma_female": 0.20895305563777158,
    "gamma_f_col": 0.38309974792684154,
    "phi_age": NaN,
    "phi_female": NaN,
    "phi_f_col": NaN,
    "lambda": 0.6109650039684509,
    "beta": 2.363374078298235,
    "objective": 0.004906006178999665
  },
  "overid_j": {
    "J": 28.59877706131009,
    "df": 3,
    "p_value": 2.719114162343429e-06,
    "beta_used": 4.607507831890154,
    "reject_5pct": true
  }
}