,lambda,beta
"naive  (no Gx ctrl, direct-peer IV)",0.9242194076589471,1.9731155042101283
"control only  (Gx ctrl, direct-peer IV)",0.7678773378059309,2.0378305786391127
"instrument only  (no Gx ctrl, G^2x IV)",0.48587756370927776,5.167657239767848
"correct  (Gx ctrl, G^2x IV)",0.298432946602942,4.983579517744634
TRUE,0.3,5.0
