{
  "F_peers_of_peers": 13178.425731061749,
  "df_num": 3,
  "df_den": 24778,
  "partial_R2": 0.6147296315569265,
  "beta_used": 5.0,
  "strong": true
}